-- phpMyAdmin SQL Dump
-- version 5.1.1
-- https://www.phpmyadmin.net/
--
-- Host: 127.0.0.1
-- Generation Time: Dec 05, 2022 at 01:40 PM
-- Server version: 10.4.22-MariaDB
-- PHP Version: 8.0.11

SET SQL_MODE = "NO_AUTO_VALUE_ON_ZERO";
START TRANSACTION;
SET time_zone = "+00:00";


/*!40101 SET @OLD_CHARACTER_SET_CLIENT=@@CHARACTER_SET_CLIENT */;
/*!40101 SET @OLD_CHARACTER_SET_RESULTS=@@CHARACTER_SET_RESULTS */;
/*!40101 SET @OLD_COLLATION_CONNECTION=@@COLLATION_CONNECTION */;
/*!40101 SET NAMES utf8mb4 */;

--
-- Database: `toko_parfum_frida`
--

-- --------------------------------------------------------

--
-- Table structure for table `ci_sessions`
--

CREATE TABLE `ci_sessions` (
  `id` varchar(128) NOT NULL,
  `ip_address` varchar(45) NOT NULL,
  `timestamp` int(10) UNSIGNED NOT NULL DEFAULT 0,
  `data` blob NOT NULL
) ENGINE=InnoDB DEFAULT CHARSET=utf8;

--
-- Dumping data for table `ci_sessions`
--

INSERT INTO `ci_sessions` (`id`, `ip_address`, `timestamp`, `data`) VALUES
('nh2h85rl0sug37e8dtcfgqrc4d7o9c27', '::1', 1619971464, 0x5f5f63695f6c6173745f726567656e65726174657c693a313631393937313436343b),
('p1r5m6ad0gho44noleiu3vf40sq4qbk7', '::1', 1619973639, 0x5f5f63695f6c6173745f726567656e65726174657c693a313631393937333633393b),
('glb8ltfrvc6r0uoa4ivpihqs526o8v3p', '::1', 1619974000, 0x5f5f63695f6c6173745f726567656e65726174657c693a313631393937343030303b7265646972656374696f6e7c4e3b),
('60pa6bnm27hl15arm4qfdnsrj216sac1', '::1', 1619974607, 0x5f5f63695f6c6173745f726567656e65726174657c693a313631393937343630373b7265646972656374696f6e7c4e3b5f5f4143544956455f53455353494f4e5f444154417c733a3235363a2262643634333163646339353634393364663062346535643131663436343638333237666630393330373062626637303634616266323434383334656332383433653831313035333438623631306435306131333663333465373161346163346135633531373031626639383465613730623966353436646236326634313432354e577a71446f3946392f72545037444a4b4733506e4a4e713174544e7157714f6c64544649334c6e4454675545444f504976775933714d4e337670777a556758714e645a66715a44576e722f6b414679506b652b69744670384635655448476c512b4777644f776f714b39335a4e3175364334506f363847445a545162766d33223b),
('6jj4htoa08uds4ipl88oar78uib9mic0', '::1', 1619974947, 0x5f5f63695f6c6173745f726567656e65726174657c693a313631393937343934373b5f5f4143544956455f53455353494f4e5f444154417c733a3235363a22616334633737653032653531663034653162616331313633303932623438313430323964623666316232303566326331616561616462303335643339616631363036393233643762663264373364363138323536613965323266623737343336356631353165313235346333396236386466393062336662646531343337396561412f67454149716b575a304e325435584a4175534952344244776b6638584241723876524e3468434a77505576485462654379423430346c334b732f496b4b436e4d4d357a707558454b7836627943587737757650527a31396e735a595173312b6e526d6c74687033694e5853363531446c2b336e7971344a674d4b704c45223b),
('mkpfag5t076lvkraup4j1hl4er3sjbn0', '::1', 1619975084, 0x5f5f63695f6c6173745f726567656e65726174657c693a313631393937343934373b5f5f4143544956455f53455353494f4e5f444154417c733a3235363a2231613663363865316538623564316534326531303630633737653562316266643763333736373065393063363730663131346430323337383430386437613938363833336134613431333139636561316662323730313236363938356337666261366561383739333461613935333965663865313638376265326365313662304b757a5653494c62434e73366f61427a776e3273505158574f7a45304e4a5857704a6d47506458786c643239527731394446585a546141563265755143516e6f4f667746666f31594249346b444d6964636f347845726f6a492f6c4e564b775249476d435a716831326e52547a5a74676738686d507554527442595946325062223b7265646972656374696f6e7c4e3b6f726465725f666c6173687c733a32363a2253746174757320626572686173696c2064697065726261727569223b5f5f63695f766172737c613a313a7b733a31313a226f726465725f666c617368223b733a333a226f6c64223b7d),
('ojam30rdjfof9fubdov3bdb48s0520i6', '127.0.0.1', 1619975089, 0x5f5f63695f6c6173745f726567656e65726174657c693a313631393937343936393b5f5f4143544956455f53455353494f4e5f444154417c733a3235363a223433336436373235323135626562616438303562366632383166656266306664396430356639656464306462613661643032303230353463323630303138323863633561383630333337323433393930346165653766616536306439646264646333616435383765366335333237643966356133323631626139373036643537365754705675797258396a4d4a306a73456e54744e4e48495771796136334c4c59432b4a5a586a58752b4555726b6c506738466c5856346d637a6763656546794134446741455570793746693857784e51336373745247526c366447704a7a72395573703745657139657633536759564a30586349627161464e326b4c397433223b),
('kgqhae3rr2r9cm1bhvk638dhf4c0o7nl', '::1', 1620051916, 0x5f5f63695f6c6173745f726567656e65726174657c693a313632303035313931363b5f5f4143544956455f53455353494f4e5f444154417c733a3235363a223339366463376662333664363165663566643835356232626439656466633563336366303539336436616634353038396162313561316533643339636233663632346330393464646136346430376338336530336534613536356438633337323062393338656231333666313861333966353732313239663538313839303333615154305146444843447942784b686c7076555a7a4953765a72426f353653584877726735646e7850615865766a576f464576414e795555567066654b30436a706f6f55726a687a626e7536413977484c322b412f7169324d4d784f74615670685841316c716a75306b555238304c6f3968457177656c3578474877674b2b71223b),
('6bausplen2lq1d009rgus6hv299i6svp', '::1', 1620052604, 0x5f5f63695f6c6173745f726567656e65726174657c693a313632303035323630343b5f5f4143544956455f53455353494f4e5f444154417c733a3235363a223339366463376662333664363165663566643835356232626439656466633563336366303539336436616634353038396162313561316533643339636233663632346330393464646136346430376338336530336534613536356438633337323062393338656231333666313861333966353732313239663538313839303333615154305146444843447942784b686c7076555a7a4953765a72426f353653584877726735646e7850615865766a576f464576414e795555567066654b30436a706f6f55726a687a626e7536413977484c322b412f7169324d4d784f74615670685841316c716a75306b555238304c6f3968457177656c3578474877674b2b71223b73657474696e67735f666c6173687c733a33303a2250656e6761747572616e20626572686173696c2064697065726261727569223b5f5f63695f766172737c613a313a7b733a31343a2273657474696e67735f666c617368223b733a333a226f6c64223b7d),
('c1n7ncbf2dlvmeqhjnrr307cjmfvc7r5', '::1', 1620052604, 0x5f5f63695f6c6173745f726567656e65726174657c693a313632303035323630343b5f5f4143544956455f53455353494f4e5f444154417c733a3235363a223339366463376662333664363165663566643835356232626439656466633563336366303539336436616634353038396162313561316533643339636233663632346330393464646136346430376338336530336534613536356438633337323062393338656231333666313861333966353732313239663538313839303333615154305146444843447942784b686c7076555a7a4953765a72426f353653584877726735646e7850615865766a576f464576414e795555567066654b30436a706f6f55726a687a626e7536413977484c322b412f7169324d4d784f74615670685841316c716a75306b555238304c6f3968457177656c3578474877674b2b71223b73657474696e67735f666c6173687c733a33303a2250656e6761747572616e20626572686173696c2064697065726261727569223b5f5f63695f766172737c613a313a7b733a31343a2273657474696e67735f666c617368223b733a333a226f6c64223b7d),
('vg1tu1jhp75b2u837uv1585em9rb1n3i', '::1', 1620094106, 0x5f5f63695f6c6173745f726567656e65726174657c693a313632303039343130363b5f5f4143544956455f53455353494f4e5f444154417c733a3235363a2232376365633962316662393434316330366364623036383132346630333364306562393334313864376361346163313337373265643238333564346330323462623135666261373434346539353764643034336631303230383363376432613561376632303730633134653833623734393131333864663230396462343937634a587259724948465657516a443877445547614d7478784256544672615956454430734530396f49486d553369696b77416c54723472663773726a4e4931523576316176544c48654a64736949696d5159424e4a6972794e5a78784968564634666d4261446a765a7439756c426d4d387955595a762f4a6c6838564a72763176223b),
('n54run55igev998b7234roh5e4kn9dah', '::1', 1620094427, 0x5f5f63695f6c6173745f726567656e65726174657c693a313632303039343432373b5f5f4143544956455f53455353494f4e5f444154417c733a3235363a2232376365633962316662393434316330366364623036383132346630333364306562393334313864376361346163313337373265643238333564346330323462623135666261373434346539353764643034336631303230383363376432613561376632303730633134653833623734393131333864663230396462343937634a587259724948465657516a443877445547614d7478784256544672615956454430734530396f49486d553369696b77416c54723472663773726a4e4931523576316176544c48654a64736949696d5159424e4a6972794e5a78784968564634666d4261446a765a7439756c426d4d387955595a762f4a6c6838564a72763176223b),
('i8d4edpmuripoalua25afphsmpa3fptm', '::1', 1620096086, 0x5f5f63695f6c6173745f726567656e65726174657c693a313632303039363038363b5f5f4143544956455f53455353494f4e5f444154417c733a3235363a2232376365633962316662393434316330366364623036383132346630333364306562393334313864376361346163313337373265643238333564346330323462623135666261373434346539353764643034336631303230383363376432613561376632303730633134653833623734393131333864663230396462343937634a587259724948465657516a443877445547614d7478784256544672615956454430734530396f49486d553369696b77416c54723472663773726a4e4931523576316176544c48654a64736949696d5159424e4a6972794e5a78784968564634666d4261446a765a7439756c426d4d387955595a762f4a6c6838564a72763176223b),
('qp76qqrj9epp0qdo3ab6tciakr12gl2h', '::1', 1620097330, 0x5f5f63695f6c6173745f726567656e65726174657c693a313632303039373333303b5f5f4143544956455f53455353494f4e5f444154417c733a3235363a2232376365633962316662393434316330366364623036383132346630333364306562393334313864376361346163313337373265643238333564346330323462623135666261373434346539353764643034336631303230383363376432613561376632303730633134653833623734393131333864663230396462343937634a587259724948465657516a443877445547614d7478784256544672615956454430734530396f49486d553369696b77416c54723472663773726a4e4931523576316176544c48654a64736949696d5159424e4a6972794e5a78784968564634666d4261446a765a7439756c426d4d387955595a762f4a6c6838564a72763176223b),
('d9ovji9rold82610pkd4c88gcagoa3hk', '::1', 1620097639, 0x5f5f63695f6c6173745f726567656e65726174657c693a313632303039373633393b5f5f4143544956455f53455353494f4e5f444154417c733a3235363a2232376365633962316662393434316330366364623036383132346630333364306562393334313864376361346163313337373265643238333564346330323462623135666261373434346539353764643034336631303230383363376432613561376632303730633134653833623734393131333864663230396462343937634a587259724948465657516a443877445547614d7478784256544672615956454430734530396f49486d553369696b77416c54723472663773726a4e4931523576316176544c48654a64736949696d5159424e4a6972794e5a78784968564634666d4261446a765a7439756c426d4d387955595a762f4a6c6838564a72763176223b73657474696e67735f666c6173687c733a33303a2250656e6761747572616e20626572686173696c2064697065726261727569223b5f5f63695f766172737c613a313a7b733a31343a2273657474696e67735f666c617368223b733a333a226f6c64223b7d),
('399156cef2ub2g1ij0ohbjlue6s56hv3', '::1', 1620097962, 0x5f5f63695f6c6173745f726567656e65726174657c693a313632303039373936323b5f5f4143544956455f53455353494f4e5f444154417c733a3235363a2232376365633962316662393434316330366364623036383132346630333364306562393334313864376361346163313337373265643238333564346330323462623135666261373434346539353764643034336631303230383363376432613561376632303730633134653833623734393131333864663230396462343937634a587259724948465657516a443877445547614d7478784256544672615956454430734530396f49486d553369696b77416c54723472663773726a4e4931523576316176544c48654a64736949696d5159424e4a6972794e5a78784968564634666d4261446a765a7439756c426d4d387955595a762f4a6c6838564a72763176223b),
('fnpaf4ou2novdoe3avvcu9s8okgtfned', '::1', 1620098306, 0x5f5f63695f6c6173745f726567656e65726174657c693a313632303039383330363b5f5f4143544956455f53455353494f4e5f444154417c733a3235363a2232376365633962316662393434316330366364623036383132346630333364306562393334313864376361346163313337373265643238333564346330323462623135666261373434346539353764643034336631303230383363376432613561376632303730633134653833623734393131333864663230396462343937634a587259724948465657516a443877445547614d7478784256544672615956454430734530396f49486d553369696b77416c54723472663773726a4e4931523576316176544c48654a64736949696d5159424e4a6972794e5a78784968564634666d4261446a765a7439756c426d4d387955595a762f4a6c6838564a72763176223b),
('tk0lepabupisnsm9ootaita0qqc62p91', '::1', 1620098699, 0x5f5f63695f6c6173745f726567656e65726174657c693a313632303039383639393b5f5f4143544956455f53455353494f4e5f444154417c733a3235363a2232376365633962316662393434316330366364623036383132346630333364306562393334313864376361346163313337373265643238333564346330323462623135666261373434346539353764643034336631303230383363376432613561376632303730633134653833623734393131333864663230396462343937634a587259724948465657516a443877445547614d7478784256544672615956454430734530396f49486d553369696b77416c54723472663773726a4e4931523576316176544c48654a64736949696d5159424e4a6972794e5a78784968564634666d4261446a765a7439756c426d4d387955595a762f4a6c6838564a72763176223b),
('k9su0adh49iecbfcjj69ahr8cndu6m8g', '::1', 1620100655, 0x5f5f63695f6c6173745f726567656e65726174657c693a313632303130303635353b5f5f4143544956455f53455353494f4e5f444154417c733a3235363a2232376365633962316662393434316330366364623036383132346630333364306562393334313864376361346163313337373265643238333564346330323462623135666261373434346539353764643034336631303230383363376432613561376632303730633134653833623734393131333864663230396462343937634a587259724948465657516a443877445547614d7478784256544672615956454430734530396f49486d553369696b77416c54723472663773726a4e4931523576316176544c48654a64736949696d5159424e4a6972794e5a78784968564634666d4261446a765a7439756c426d4d387955595a762f4a6c6838564a72763176223b73657474696e67735f666c6173687c733a32373a22426572686173696c206d656e616d62616820646174612062616e6b223b5f5f63695f766172737c613a313a7b733a31343a2273657474696e67735f666c617368223b733a333a226f6c64223b7d),
('brgcc1qnr7dlgabsccshm9figm81rdip', '::1', 1620099000, 0x5f5f63695f6c6173745f726567656e65726174657c693a313632303039393030303b5f5f4143544956455f53455353494f4e5f444154417c733a3235363a2232376365633962316662393434316330366364623036383132346630333364306562393334313864376361346163313337373265643238333564346330323462623135666261373434346539353764643034336631303230383363376432613561376632303730633134653833623734393131333864663230396462343937634a587259724948465657516a443877445547614d7478784256544672615956454430734530396f49486d553369696b77416c54723472663773726a4e4931523576316176544c48654a64736949696d5159424e4a6972794e5a78784968564634666d4261446a765a7439756c426d4d387955595a762f4a6c6838564a72763176223b73657474696e67735f666c6173687c733a33303a2250656e6761747572616e20626572686173696c2064697065726261727569223b5f5f63695f766172737c613a313a7b733a31343a2273657474696e67735f666c617368223b733a333a226e6577223b7d),
('1og7pgtc34a46idost0uuhifdm3nhd50', '127.0.0.1', 1620099383, 0x5f5f63695f6c6173745f726567656e65726174657c693a313632303039393338333b5f5f4143544956455f53455353494f4e5f444154417c733a3235363a2237623937663132313139616232376131383832313665336435613662316237333033363930333932373637393631333039323266356234666135633839663562326136396265393134656539383030373330373737366666303233633738646332656538386566376436376363633435663834373364343630633865656533656a526c55526651396d414c532b6f54416c4164345a62646e47516e6479522f70376a3066454778384e6b4c376c6b3768793651384b38544353754e68524167664330782b7366704d785471796e774d617676754247356d73305a512b4d53655470466f6e5464392b69564b306d5450516b332f4f6b6f532b3562327042693567223b),
('55jumuo7gblbhpdtrma4hvipgdu7d8pb', '127.0.0.1', 1620099574, 0x5f5f63695f6c6173745f726567656e65726174657c693a313632303039393338333b5f5f4143544956455f53455353494f4e5f444154417c733a3235363a2237623937663132313139616232376131383832313665336435613662316237333033363930333932373637393631333039323266356234666135633839663562326136396265393134656539383030373330373737366666303233633738646332656538386566376436376363633435663834373364343630633865656533656a526c55526651396d414c532b6f54416c4164345a62646e47516e6479522f70376a3066454778384e6b4c376c6b3768793651384b38544353754e68524167664330782b7366704d785471796e774d617676754247356d73305a512b4d53655470466f6e5464392b69564b306d5450516b332f4f6b6f532b3562327042693567223b),
('tp8h1r0gn8sm6elk9lkqr67adpcvdggm', '::1', 1620101053, 0x5f5f63695f6c6173745f726567656e65726174657c693a313632303130313035333b5f5f4143544956455f53455353494f4e5f444154417c733a3235363a2232376365633962316662393434316330366364623036383132346630333364306562393334313864376361346163313337373265643238333564346330323462623135666261373434346539353764643034336631303230383363376432613561376632303730633134653833623734393131333864663230396462343937634a587259724948465657516a443877445547614d7478784256544672615956454430734530396f49486d553369696b77416c54723472663773726a4e4931523576316176544c48654a64736949696d5159424e4a6972794e5a78784968564634666d4261446a765a7439756c426d4d387955595a762f4a6c6838564a72763176223b),
('ngm7k6q3b26bjk4enrr6thi61h71828c', '::1', 1620101054, 0x5f5f63695f6c6173745f726567656e65726174657c693a313632303130313035333b5f5f4143544956455f53455353494f4e5f444154417c733a3235363a2232376365633962316662393434316330366364623036383132346630333364306562393334313864376361346163313337373265643238333564346330323462623135666261373434346539353764643034336631303230383363376432613561376632303730633134653833623734393131333864663230396462343937634a587259724948465657516a443877445547614d7478784256544672615956454430734530396f49486d553369696b77416c54723472663773726a4e4931523576316176544c48654a64736949696d5159424e4a6972794e5a78784968564634666d4261446a765a7439756c426d4d387955595a762f4a6c6838564a72763176223b),
('vpsu99i6o6vq66d3hmdr4dqrv3rr6lju', '127.0.0.1', 1620357908, 0x5f5f63695f6c6173745f726567656e65726174657c693a313632303335373635353b5f5f4143544956455f53455353494f4e5f444154417c733a3235363a2234626236343332613561386464326366353037663064613834663436306234393461363565313266623635316630663364623163633930363434376236333461366137623830363861376663353365383235366266666461343231613539363338333163303538393136376531356365663436373266643861386232383361636b4748786630466f59636b3267334d4d42594f552b51715735437a4d546d56673841636656692f4d326d2b75426a70585069557745452b495a6c6169564658726157536f6b6e343038714d48597652476e76304d6d565477454253684452615339774e5653304d764b67326c78746269732f6e324a374a4c73534b3554705653223b73746f72655f666c6173687c733a32363a2250656e646166746172616e20616b756e20626572686173696c21223b5f5f63695f766172737c613a313a7b733a31313a2273746f72655f666c617368223b733a333a226f6c64223b7d),
('29p30v4hjb0lbm4ffd848t5r6pj228ja', '::1', 1670151503, 0x5f5f63695f6c6173745f726567656e65726174657c693a313637303135313530333b),
('his9jg5o3msovobrmql62ikt2a1sckea', '192.168.0.12', 1670151759, 0x5f5f63695f6c6173745f726567656e65726174657c693a313637303135313735393b),
('e6kbq6b0ja2up4s7enadirede5ka45sk', '::1', 1670151879, 0x5f5f63695f6c6173745f726567656e65726174657c693a313637303135313837393b7265646972656374696f6e7c4e3b5f5f4143544956455f53455353494f4e5f444154417c733a3235363a2261333762356665376334343764366165646666393065636236613666396638623134366466653661306465646534393336666162626238356164353033653537613135393934656136353261623633386438393530323964613033643466303464663738323339613563613032636161636439336466333366623463643566634d4c486d546255596c6261334e504f6f77496a3232684f51426c467a545733394331774a48524b3945484e57666172376d5333776b442f354f3247504b6a66467058317a47307a5a736d393471674c68454e464a754e4d2b467968727735464452797672792b7a48614f54726f69446a506f6b6d69667532444c354a68573641223b),
('3m7t30fk95e9td3uhlb52553ddk1gv3t', '192.168.0.12', 1670153087, 0x5f5f63695f6c6173745f726567656e65726174657c693a313637303135333038373b),
('5n3jbkjfimjeuirmmcp7sc0e1qka7uq7', '::1', 1670152197, 0x5f5f63695f6c6173745f726567656e65726174657c693a313637303135323139373b7265646972656374696f6e7c4e3b5f5f4143544956455f53455353494f4e5f444154417c733a3235363a2261333762356665376334343764366165646666393065636236613666396638623134366466653661306465646534393336666162626238356164353033653537613135393934656136353261623633386438393530323964613033643466303464663738323339613563613032636161636439336466333366623463643566634d4c486d546255596c6261334e504f6f77496a3232684f51426c467a545733394331774a48524b3945484e57666172376d5333776b442f354f3247504b6a66467058317a47307a5a736d393471674c68454e464a754e4d2b467968727735464452797672792b7a48614f54726f69446a506f6b6d69667532444c354a68573641223b656469745f70726f647563745f666c6173687c733a32373a2250726f64756b20626572686173696c206469706572626172756921223b5f5f63695f766172737c613a313a7b733a31383a22656469745f70726f647563745f666c617368223b733a333a226f6c64223b7d),
('oss3o8omgc3f56cn4a9uespri4ujo662', '::1', 1670154392, 0x5f5f63695f6c6173745f726567656e65726174657c693a313637303135343339323b7265646972656374696f6e7c4e3b5f5f4143544956455f53455353494f4e5f444154417c733a3235363a2261333762356665376334343764366165646666393065636236613666396638623134366466653661306465646534393336666162626238356164353033653537613135393934656136353261623633386438393530323964613033643466303464663738323339613563613032636161636439336466333366623463643566634d4c486d546255596c6261334e504f6f77496a3232684f51426c467a545733394331774a48524b3945484e57666172376d5333776b442f354f3247504b6a66467058317a47307a5a736d393471674c68454e464a754e4d2b467968727735464452797672792b7a48614f54726f69446a506f6b6d69667532444c354a68573641223b656469745f70726f647563745f666c6173687c733a32373a2250726f64756b20626572686173696c206469706572626172756921223b5f5f63695f766172737c613a313a7b733a31383a22656469745f70726f647563745f666c617368223b733a333a226f6c64223b7d),
('46u5952u2bs2ndrhh7lsij53pvi7jqdp', '192.168.0.12', 1670153087, 0x5f5f63695f6c6173745f726567656e65726174657c693a313637303135333038373b),
('dclk9p23qs4l0v14mbjvln7auhdmd9ck', '::1', 1670154727, 0x5f5f63695f6c6173745f726567656e65726174657c693a313637303135343732373b7265646972656374696f6e7c4e3b5f5f4143544956455f53455353494f4e5f444154417c733a3235363a2261333762356665376334343764366165646666393065636236613666396638623134366466653661306465646534393336666162626238356164353033653537613135393934656136353261623633386438393530323964613033643466303464663738323339613563613032636161636439336466333366623463643566634d4c486d546255596c6261334e504f6f77496a3232684f51426c467a545733394331774a48524b3945484e57666172376d5333776b442f354f3247504b6a66467058317a47307a5a736d393471674c68454e464a754e4d2b467968727735464452797672792b7a48614f54726f69446a506f6b6d69667532444c354a68573641223b656469745f70726f647563745f666c6173687c733a32373a2250726f64756b20626572686173696c206469706572626172756921223b5f5f63695f766172737c613a313a7b733a31383a22656469745f70726f647563745f666c617368223b733a333a226f6c64223b7d),
('6b8149lnm0u9fant5vejg4jbnjsr6flh', '::1', 1670155035, 0x5f5f63695f6c6173745f726567656e65726174657c693a313637303135353033353b7265646972656374696f6e7c4e3b5f5f4143544956455f53455353494f4e5f444154417c733a3235363a2261333762356665376334343764366165646666393065636236613666396638623134366466653661306465646534393336666162626238356164353033653537613135393934656136353261623633386438393530323964613033643466303464663738323339613563613032636161636439336466333366623463643566634d4c486d546255596c6261334e504f6f77496a3232684f51426c467a545733394331774a48524b3945484e57666172376d5333776b442f354f3247504b6a66467058317a47307a5a736d393471674c68454e464a754e4d2b467968727735464452797672792b7a48614f54726f69446a506f6b6d69667532444c354a68573641223b656469745f70726f647563745f666c6173687c733a32373a2250726f64756b20626572686173696c206469706572626172756921223b5f5f63695f766172737c613a313a7b733a31383a22656469745f70726f647563745f666c617368223b733a333a226f6c64223b7d),
('do67qu9v2i5oc16k71j4vd2q0e6qfm8j', '::1', 1670155650, 0x5f5f63695f6c6173745f726567656e65726174657c693a313637303135353635303b7265646972656374696f6e7c4e3b5f5f4143544956455f53455353494f4e5f444154417c733a3235363a2261333762356665376334343764366165646666393065636236613666396638623134366466653661306465646534393336666162626238356164353033653537613135393934656136353261623633386438393530323964613033643466303464663738323339613563613032636161636439336466333366623463643566634d4c486d546255596c6261334e504f6f77496a3232684f51426c467a545733394331774a48524b3945484e57666172376d5333776b442f354f3247504b6a66467058317a47307a5a736d393471674c68454e464a754e4d2b467968727735464452797672792b7a48614f54726f69446a506f6b6d69667532444c354a68573641223b656469745f70726f647563745f666c6173687c733a32373a2250726f64756b20626572686173696c206469706572626172756921223b5f5f63695f766172737c613a323a7b733a31383a22656469745f70726f647563745f666c617368223b733a333a226f6c64223b733a32313a226164645f6e65775f70726f647563745f666c617368223b733a333a226f6c64223b7d6164645f6e65775f70726f647563745f666c6173687c733a33333a2250726f64756b206261727520626572686173696c20646974616d6261686b616e21223b),
('kq2voa2sphgen432g992pcu51l6q229m', '::1', 1670156038, 0x5f5f63695f6c6173745f726567656e65726174657c693a313637303135363033383b7265646972656374696f6e7c4e3b656469745f70726f647563745f666c6173687c733a32373a2250726f64756b20626572686173696c206469706572626172756921223b5f5f63695f766172737c613a333a7b733a31383a22656469745f70726f647563745f666c617368223b733a333a226f6c64223b733a32313a226164645f6e65775f70726f647563745f666c617368223b733a333a226f6c64223b733a31313a226c6f67696e5f666c617368223b733a333a226f6c64223b7d6164645f6e65775f70726f647563745f666c6173687c733a33333a2250726f64756b206261727520626572686173696c20646974616d6261686b616e21223b6c6f67696e5f666c6173687c733a31363a22426572686173696c206c6f676f757421223b),
('ju9ot89ec47ig78kropuut3ul1htnd0h', '::1', 1670156408, 0x5f5f63695f6c6173745f726567656e65726174657c693a313637303135363430383b7265646972656374696f6e7c4e3b656469745f70726f647563745f666c6173687c733a32373a2250726f64756b20626572686173696c206469706572626172756921223b5f5f63695f766172737c613a333a7b733a31383a22656469745f70726f647563745f666c617368223b733a333a226f6c64223b733a32313a226164645f6e65775f70726f647563745f666c617368223b733a333a226f6c64223b733a31313a226c6f67696e5f666c617368223b733a333a226f6c64223b7d6164645f6e65775f70726f647563745f666c6173687c733a33333a2250726f64756b206261727520626572686173696c20646974616d6261686b616e21223b6c6f67696e5f666c6173687c733a31363a22426572686173696c206c6f676f757421223b636172745f636f6e74656e74737c613a333a7b733a31303a22636172745f746f74616c223b643a31303030303b733a31313a22746f74616c5f6974656d73223b643a313b733a33323a226334636134323338613062393233383230646363353039613666373538343962223b613a363a7b733a323a226964223b733a313a2231223b733a333a22717479223b643a313b733a353a227072696365223b643a31303030303b733a343a226e616d65223b733a31373a224469736e657020536e6f77205768697465223b733a353a22726f776964223b733a33323a226334636134323338613062393233383230646363353039613666373538343962223b733a383a22737562746f74616c223b643a31303030303b7d7d),
('ae9u2v5jqn4ltenpplsa52c4roml7sbs', '::1', 1670156870, 0x5f5f63695f6c6173745f726567656e65726174657c693a313637303135363837303b7265646972656374696f6e7c4e3b656469745f70726f647563745f666c6173687c733a32373a2250726f64756b20626572686173696c206469706572626172756921223b5f5f63695f766172737c613a333a7b733a31383a22656469745f70726f647563745f666c617368223b733a333a226f6c64223b733a32313a226164645f6e65775f70726f647563745f666c617368223b733a333a226f6c64223b733a31313a226c6f67696e5f666c617368223b733a333a226f6c64223b7d6164645f6e65775f70726f647563745f666c6173687c733a33333a2250726f64756b206261727520626572686173696c20646974616d6261686b616e21223b6c6f67696e5f666c6173687c733a31363a22426572686173696c206c6f676f757421223b636172745f636f6e74656e74737c613a333a7b733a31303a22636172745f746f74616c223b643a31303030303b733a31313a22746f74616c5f6974656d73223b643a313b733a33323a226334636134323338613062393233383230646363353039613666373538343962223b613a363a7b733a323a226964223b733a313a2231223b733a333a22717479223b643a313b733a353a227072696365223b643a31303030303b733a343a226e616d65223b733a31373a224469736e657020536e6f77205768697465223b733a353a22726f776964223b733a33323a226334636134323338613062393233383230646363353039613666373538343962223b733a383a22737562746f74616c223b643a31303030303b7d7d),
('rg4rvhig9qrt802pkhrbk1q1qauil91a', '::1', 1670157479, 0x5f5f63695f6c6173745f726567656e65726174657c693a313637303135373437393b7265646972656374696f6e7c4e3b656469745f70726f647563745f666c6173687c733a32373a2250726f64756b20626572686173696c206469706572626172756921223b5f5f63695f766172737c613a333a7b733a31383a22656469745f70726f647563745f666c617368223b733a333a226f6c64223b733a32313a226164645f6e65775f70726f647563745f666c617368223b733a333a226f6c64223b733a31313a226c6f67696e5f666c617368223b733a333a226f6c64223b7d6164645f6e65775f70726f647563745f666c6173687c733a33333a2250726f64756b206261727520626572686173696c20646974616d6261686b616e21223b6c6f67696e5f666c6173687c733a31363a22426572686173696c206c6f676f757421223b636172745f636f6e74656e74737c613a333a7b733a31303a22636172745f746f74616c223b643a31303030303b733a31313a22746f74616c5f6974656d73223b643a313b733a33323a226334636134323338613062393233383230646363353039613666373538343962223b613a363a7b733a323a226964223b733a313a2231223b733a333a22717479223b643a313b733a353a227072696365223b643a31303030303b733a343a226e616d65223b733a31373a224469736e657020536e6f77205768697465223b733a353a22726f776964223b733a33323a226334636134323338613062393233383230646363353039613666373538343962223b733a383a22737562746f74616c223b643a31303030303b7d7d5f5f4143544956455f53455353494f4e5f444154417c733a3235363a22313232363338633762343064616133663034336464386334633839633035313032336231663664656362643437653363636262346137643532653438653065373963616133306532323666333164313761613036363761346163333935663031393536343634383363616162623165626532326239373335363637636161636651732f7a335a66506f6e774e4c4a494e6c614262426d4c6a41734f686769395a4c6e324152796463374f6c4b463278514b5a41487756477168667a714150767574666765586d57667144375072633148634330706a68504333757555504370746248627665526e39336e2b55446230587a546e7262354a31397141742f554470223b),
('96n04davb52iqrk7900k3egdh3fnlvr9', '::1', 1670157791, 0x5f5f63695f6c6173745f726567656e65726174657c693a313637303135373739313b7265646972656374696f6e7c4e3b656469745f70726f647563745f666c6173687c733a32373a2250726f64756b20626572686173696c206469706572626172756921223b5f5f63695f766172737c613a333a7b733a31383a22656469745f70726f647563745f666c617368223b733a333a226f6c64223b733a32313a226164645f6e65775f70726f647563745f666c617368223b733a333a226f6c64223b733a31313a226c6f67696e5f666c617368223b733a333a226f6c64223b7d6164645f6e65775f70726f647563745f666c6173687c733a33333a2250726f64756b206261727520626572686173696c20646974616d6261686b616e21223b6c6f67696e5f666c6173687c733a31363a22426572686173696c206c6f676f757421223b636172745f636f6e74656e74737c613a333a7b733a31303a22636172745f746f74616c223b643a31303030303b733a31313a22746f74616c5f6974656d73223b643a313b733a33323a226334636134323338613062393233383230646363353039613666373538343962223b613a363a7b733a323a226964223b733a313a2231223b733a333a22717479223b643a313b733a353a227072696365223b643a31303030303b733a343a226e616d65223b733a31373a224469736e657020536e6f77205768697465223b733a353a22726f776964223b733a33323a226334636134323338613062393233383230646363353039613666373538343962223b733a383a22737562746f74616c223b643a31303030303b7d7d5f5f4143544956455f53455353494f4e5f444154417c733a3235363a22313232363338633762343064616133663034336464386334633839633035313032336231663664656362643437653363636262346137643532653438653065373963616133306532323666333164313761613036363761346163333935663031393536343634383363616162623165626532326239373335363637636161636651732f7a335a66506f6e774e4c4a494e6c614262426d4c6a41734f686769395a4c6e324152796463374f6c4b463278514b5a41487756477168667a714150767574666765586d57667144375072633148634330706a68504333757555504370746248627665526e39336e2b55446230587a546e7262354a31397141742f554470223b),
('f7bqvgfro4p0gvma64v8d9ico2arqka6', '::1', 1670158440, 0x5f5f63695f6c6173745f726567656e65726174657c693a313637303135383434303b7265646972656374696f6e7c4e3b656469745f70726f647563745f666c6173687c733a32373a2250726f64756b20626572686173696c206469706572626172756921223b5f5f63695f766172737c613a333a7b733a31383a22656469745f70726f647563745f666c617368223b733a333a226f6c64223b733a32313a226164645f6e65775f70726f647563745f666c617368223b733a333a226f6c64223b733a31313a226c6f67696e5f666c617368223b733a333a226f6c64223b7d6164645f6e65775f70726f647563745f666c6173687c733a33333a2250726f64756b206261727520626572686173696c20646974616d6261686b616e21223b6c6f67696e5f666c6173687c733a31363a22426572686173696c206c6f676f757421223b636172745f636f6e74656e74737c613a333a7b733a31303a22636172745f746f74616c223b643a31303030303b733a31313a22746f74616c5f6974656d73223b643a313b733a33323a226334636134323338613062393233383230646363353039613666373538343962223b613a363a7b733a323a226964223b733a313a2231223b733a333a22717479223b643a313b733a353a227072696365223b643a31303030303b733a343a226e616d65223b733a31373a224469736e657020536e6f77205768697465223b733a353a22726f776964223b733a33323a226334636134323338613062393233383230646363353039613666373538343962223b733a383a22737562746f74616c223b643a31303030303b7d7d5f5f4143544956455f53455353494f4e5f444154417c733a3235363a22313232363338633762343064616133663034336464386334633839633035313032336231663664656362643437653363636262346137643532653438653065373963616133306532323666333164313761613036363761346163333935663031393536343634383363616162623165626532326239373335363637636161636651732f7a335a66506f6e774e4c4a494e6c614262426d4c6a41734f686769395a4c6e324152796463374f6c4b463278514b5a41487756477168667a714150767574666765586d57667144375072633148634330706a68504333757555504370746248627665526e39336e2b55446230587a546e7262354a31397141742f554470223b),
('g60dh5aivi14ssskkhe6hpgckneb2o0a', '::1', 1670158870, 0x5f5f63695f6c6173745f726567656e65726174657c693a313637303135383837303b7265646972656374696f6e7c4e3b656469745f70726f647563745f666c6173687c733a32373a2250726f64756b20626572686173696c206469706572626172756921223b5f5f63695f766172737c613a333a7b733a31383a22656469745f70726f647563745f666c617368223b733a333a226f6c64223b733a32313a226164645f6e65775f70726f647563745f666c617368223b733a333a226f6c64223b733a31313a226c6f67696e5f666c617368223b733a333a226f6c64223b7d6164645f6e65775f70726f647563745f666c6173687c733a33333a2250726f64756b206261727520626572686173696c20646974616d6261686b616e21223b6c6f67696e5f666c6173687c733a31363a22426572686173696c206c6f676f757421223b636172745f636f6e74656e74737c613a333a7b733a31303a22636172745f746f74616c223b643a31303030303b733a31313a22746f74616c5f6974656d73223b643a313b733a33323a226334636134323338613062393233383230646363353039613666373538343962223b613a363a7b733a323a226964223b733a313a2231223b733a333a22717479223b643a313b733a353a227072696365223b643a31303030303b733a343a226e616d65223b733a31373a224469736e657020536e6f77205768697465223b733a353a22726f776964223b733a33323a226334636134323338613062393233383230646363353039613666373538343962223b733a383a22737562746f74616c223b643a31303030303b7d7d5f5f4143544956455f53455353494f4e5f444154417c733a3235363a22313232363338633762343064616133663034336464386334633839633035313032336231663664656362643437653363636262346137643532653438653065373963616133306532323666333164313761613036363761346163333935663031393536343634383363616162623165626532326239373335363637636161636651732f7a335a66506f6e774e4c4a494e6c614262426d4c6a41734f686769395a4c6e324152796463374f6c4b463278514b5a41487756477168667a714150767574666765586d57667144375072633148634330706a68504333757555504370746248627665526e39336e2b55446230587a546e7262354a31397141742f554470223b),
('3d0v103abplgrsnf2be5glrfisu8bi7s', '::1', 1670159180, 0x5f5f63695f6c6173745f726567656e65726174657c693a313637303135393138303b7265646972656374696f6e7c4e3b656469745f70726f647563745f666c6173687c733a32373a2250726f64756b20626572686173696c206469706572626172756921223b5f5f63695f766172737c613a333a7b733a31383a22656469745f70726f647563745f666c617368223b733a333a226f6c64223b733a32313a226164645f6e65775f70726f647563745f666c617368223b733a333a226f6c64223b733a31313a226c6f67696e5f666c617368223b733a333a226f6c64223b7d6164645f6e65775f70726f647563745f666c6173687c733a33333a2250726f64756b206261727520626572686173696c20646974616d6261686b616e21223b6c6f67696e5f666c6173687c733a31363a22426572686173696c206c6f676f757421223b636172745f636f6e74656e74737c613a333a7b733a31303a22636172745f746f74616c223b643a31303030303b733a31313a22746f74616c5f6974656d73223b643a313b733a33323a226334636134323338613062393233383230646363353039613666373538343962223b613a363a7b733a323a226964223b733a313a2231223b733a333a22717479223b643a313b733a353a227072696365223b643a31303030303b733a343a226e616d65223b733a31373a224469736e657020536e6f77205768697465223b733a353a22726f776964223b733a33323a226334636134323338613062393233383230646363353039613666373538343962223b733a383a22737562746f74616c223b643a31303030303b7d7d5f5f4143544956455f53455353494f4e5f444154417c733a3235363a22313232363338633762343064616133663034336464386334633839633035313032336231663664656362643437653363636262346137643532653438653065373963616133306532323666333164313761613036363761346163333935663031393536343634383363616162623165626532326239373335363637636161636651732f7a335a66506f6e774e4c4a494e6c614262426d4c6a41734f686769395a4c6e324152796463374f6c4b463278514b5a41487756477168667a714150767574666765586d57667144375072633148634330706a68504333757555504370746248627665526e39336e2b55446230587a546e7262354a31397141742f554470223b),
('asrjtluna1ati03d7an175lc4uqjjjgf', '::1', 1670159547, 0x5f5f63695f6c6173745f726567656e65726174657c693a313637303135393534373b7265646972656374696f6e7c4e3b656469745f70726f647563745f666c6173687c733a32373a2250726f64756b20626572686173696c206469706572626172756921223b5f5f63695f766172737c613a333a7b733a31383a22656469745f70726f647563745f666c617368223b733a333a226f6c64223b733a32313a226164645f6e65775f70726f647563745f666c617368223b733a333a226f6c64223b733a31313a226c6f67696e5f666c617368223b733a333a226f6c64223b7d6164645f6e65775f70726f647563745f666c6173687c733a33333a2250726f64756b206261727520626572686173696c20646974616d6261686b616e21223b6c6f67696e5f666c6173687c733a31363a22426572686173696c206c6f676f757421223b636172745f636f6e74656e74737c613a333a7b733a31303a22636172745f746f74616c223b643a31303030303b733a31313a22746f74616c5f6974656d73223b643a313b733a33323a226334636134323338613062393233383230646363353039613666373538343962223b613a363a7b733a323a226964223b733a313a2231223b733a333a22717479223b643a313b733a353a227072696365223b643a31303030303b733a343a226e616d65223b733a31373a224469736e657020536e6f77205768697465223b733a353a22726f776964223b733a33323a226334636134323338613062393233383230646363353039613666373538343962223b733a383a22737562746f74616c223b643a31303030303b7d7d5f5f4143544956455f53455353494f4e5f444154417c733a3235363a22313232363338633762343064616133663034336464386334633839633035313032336231663664656362643437653363636262346137643532653438653065373963616133306532323666333164313761613036363761346163333935663031393536343634383363616162623165626532326239373335363637636161636651732f7a335a66506f6e774e4c4a494e6c614262426d4c6a41734f686769395a4c6e324152796463374f6c4b463278514b5a41487756477168667a714150767574666765586d57667144375072633148634330706a68504333757555504370746248627665526e39336e2b55446230587a546e7262354a31397141742f554470223b),
('g12krj37i2nmh7nqou7e7tokdii0pc8g', '::1', 1670160035, 0x5f5f63695f6c6173745f726567656e65726174657c693a313637303136303033353b7265646972656374696f6e7c4e3b656469745f70726f647563745f666c6173687c733a32373a2250726f64756b20626572686173696c206469706572626172756921223b5f5f63695f766172737c613a333a7b733a31383a22656469745f70726f647563745f666c617368223b733a333a226f6c64223b733a32313a226164645f6e65775f70726f647563745f666c617368223b733a333a226f6c64223b733a31313a226c6f67696e5f666c617368223b733a333a226f6c64223b7d6164645f6e65775f70726f647563745f666c6173687c733a33333a2250726f64756b206261727520626572686173696c20646974616d6261686b616e21223b6c6f67696e5f666c6173687c733a34383a22557365722064656e67616e20757365726e616d65203c623e757365723c2f623e20746964616b20746572646166746172223b636172745f636f6e74656e74737c613a333a7b733a31303a22636172745f746f74616c223b643a31303030303b733a31313a22746f74616c5f6974656d73223b643a313b733a33323a226334636134323338613062393233383230646363353039613666373538343962223b613a363a7b733a323a226964223b733a313a2231223b733a333a22717479223b643a313b733a353a227072696365223b643a31303030303b733a343a226e616d65223b733a31373a224469736e657020536e6f77205768697465223b733a353a22726f776964223b733a33323a226334636134323338613062393233383230646363353039613666373538343962223b733a383a22737562746f74616c223b643a31303030303b7d7d5f5f4143544956455f53455353494f4e5f444154417c733a3235363a2231666165363636323730356461353066663538313930616363336630393438393638383064646633366238363566643333313434653762393062616535383239616362623961313264323464383163336632653530346130326637633935356431306139396562396163616338323964643330663235633039643463356163374751535358567a5a41553149416d44687464512b567071346b774c54744c3271692f47495a6e36453347546b6861426578476f4974592b375837665658577778756e35487959307a31482f494b736e546e375a4f4b426e765250424739305456654b552f66304456466a52302f6c2f524e646b57635a39575763792b44446434223b),
('pq5ctaj12k9v3nqnf3bbc41ruff43b9l', '::1', 1670161087, 0x5f5f63695f6c6173745f726567656e65726174657c693a313637303136313038373b7265646972656374696f6e7c4e3b656469745f70726f647563745f666c6173687c733a32373a2250726f64756b20626572686173696c206469706572626172756921223b5f5f63695f766172737c613a333a7b733a31383a22656469745f70726f647563745f666c617368223b733a333a226f6c64223b733a32313a226164645f6e65775f70726f647563745f666c617368223b733a333a226f6c64223b733a31313a226c6f67696e5f666c617368223b733a333a226f6c64223b7d6164645f6e65775f70726f647563745f666c6173687c733a33333a2250726f64756b206261727520626572686173696c20646974616d6261686b616e21223b6c6f67696e5f666c6173687c733a34383a22557365722064656e67616e20757365726e616d65203c623e757365723c2f623e20746964616b20746572646166746172223b636172745f636f6e74656e74737c613a333a7b733a31303a22636172745f746f74616c223b643a31303030303b733a31313a22746f74616c5f6974656d73223b643a313b733a33323a226334636134323338613062393233383230646363353039613666373538343962223b613a363a7b733a323a226964223b733a313a2231223b733a333a22717479223b643a313b733a353a227072696365223b643a31303030303b733a343a226e616d65223b733a31373a224469736e657020536e6f77205768697465223b733a353a22726f776964223b733a33323a226334636134323338613062393233383230646363353039613666373538343962223b733a383a22737562746f74616c223b643a31303030303b7d7d5f5f4143544956455f53455353494f4e5f444154417c733a3235363a2231666165363636323730356461353066663538313930616363336630393438393638383064646633366238363566643333313434653762393062616535383239616362623961313264323464383163336632653530346130326637633935356431306139396562396163616338323964643330663235633039643463356163374751535358567a5a41553149416d44687464512b567071346b774c54744c3271692f47495a6e36453347546b6861426578476f4974592b375837665658577778756e35487959307a31482f494b736e546e375a4f4b426e765250424739305456654b552f66304456466a52302f6c2f524e646b57635a39575763792b44446434223b),
('6ladu0ro4b6vggjnbga2cbr85vtf40as', '::1', 1670161533, 0x5f5f63695f6c6173745f726567656e65726174657c693a313637303136313533333b7265646972656374696f6e7c4e3b656469745f70726f647563745f666c6173687c733a32373a2250726f64756b20626572686173696c206469706572626172756921223b5f5f63695f766172737c613a333a7b733a31383a22656469745f70726f647563745f666c617368223b733a333a226f6c64223b733a32313a226164645f6e65775f70726f647563745f666c617368223b733a333a226f6c64223b733a31313a226c6f67696e5f666c617368223b733a333a226f6c64223b7d6164645f6e65775f70726f647563745f666c6173687c733a33333a2250726f64756b206261727520626572686173696c20646974616d6261686b616e21223b6c6f67696e5f666c6173687c733a34383a22557365722064656e67616e20757365726e616d65203c623e757365723c2f623e20746964616b20746572646166746172223b636172745f636f6e74656e74737c613a333a7b733a31303a22636172745f746f74616c223b643a31303030303b733a31313a22746f74616c5f6974656d73223b643a313b733a33323a226334636134323338613062393233383230646363353039613666373538343962223b613a363a7b733a323a226964223b733a313a2231223b733a333a22717479223b643a313b733a353a227072696365223b643a31303030303b733a343a226e616d65223b733a31373a224469736e657020536e6f77205768697465223b733a353a22726f776964223b733a33323a226334636134323338613062393233383230646363353039613666373538343962223b733a383a22737562746f74616c223b643a31303030303b7d7d5f5f4143544956455f53455353494f4e5f444154417c733a3235363a2231666165363636323730356461353066663538313930616363336630393438393638383064646633366238363566643333313434653762393062616535383239616362623961313264323464383163336632653530346130326637633935356431306139396562396163616338323964643330663235633039643463356163374751535358567a5a41553149416d44687464512b567071346b774c54744c3271692f47495a6e36453347546b6861426578476f4974592b375837665658577778756e35487959307a31482f494b736e546e375a4f4b426e765250424739305456654b552f66304456466a52302f6c2f524e646b57635a39575763792b44446434223b),
('kip9c9mfern5ktin9htm427ftb6t5jh0', '::1', 1670163451, 0x5f5f63695f6c6173745f726567656e65726174657c693a313637303136333435313b7265646972656374696f6e7c4e3b656469745f70726f647563745f666c6173687c733a32373a2250726f64756b20626572686173696c206469706572626172756921223b5f5f63695f766172737c613a333a7b733a31383a22656469745f70726f647563745f666c617368223b733a333a226f6c64223b733a32313a226164645f6e65775f70726f647563745f666c617368223b733a333a226f6c64223b733a31313a226c6f67696e5f666c617368223b733a333a226f6c64223b7d6164645f6e65775f70726f647563745f666c6173687c733a33333a2250726f64756b206261727520626572686173696c20646974616d6261686b616e21223b6c6f67696e5f666c6173687c733a34383a22557365722064656e67616e20757365726e616d65203c623e757365723c2f623e20746964616b20746572646166746172223b636172745f636f6e74656e74737c613a333a7b733a31303a22636172745f746f74616c223b643a31303030303b733a31313a22746f74616c5f6974656d73223b643a313b733a33323a226334636134323338613062393233383230646363353039613666373538343962223b613a363a7b733a323a226964223b733a313a2231223b733a333a22717479223b643a313b733a353a227072696365223b643a31303030303b733a343a226e616d65223b733a31373a224469736e657020536e6f77205768697465223b733a353a22726f776964223b733a33323a226334636134323338613062393233383230646363353039613666373538343962223b733a383a22737562746f74616c223b643a31303030303b7d7d5f5f4143544956455f53455353494f4e5f444154417c733a3235363a2231666165363636323730356461353066663538313930616363336630393438393638383064646633366238363566643333313434653762393062616535383239616362623961313264323464383163336632653530346130326637633935356431306139396562396163616338323964643330663235633039643463356163374751535358567a5a41553149416d44687464512b567071346b774c54744c3271692f47495a6e36453347546b6861426578476f4974592b375837665658577778756e35487959307a31482f494b736e546e375a4f4b426e765250424739305456654b552f66304456466a52302f6c2f524e646b57635a39575763792b44446434223b),
('ljcsrg73ia4kkbsc727davtmgbkii1g9', '::1', 1670163929, 0x5f5f63695f6c6173745f726567656e65726174657c693a313637303136333932393b7265646972656374696f6e7c4e3b656469745f70726f647563745f666c6173687c733a32373a2250726f64756b20626572686173696c206469706572626172756921223b5f5f63695f766172737c613a333a7b733a31383a22656469745f70726f647563745f666c617368223b733a333a226f6c64223b733a32313a226164645f6e65775f70726f647563745f666c617368223b733a333a226f6c64223b733a31313a226c6f67696e5f666c617368223b733a333a226f6c64223b7d6164645f6e65775f70726f647563745f666c6173687c733a33333a2250726f64756b206261727520626572686173696c20646974616d6261686b616e21223b6c6f67696e5f666c6173687c733a34383a22557365722064656e67616e20757365726e616d65203c623e757365723c2f623e20746964616b20746572646166746172223b636172745f636f6e74656e74737c613a333a7b733a31303a22636172745f746f74616c223b643a31303030303b733a31313a22746f74616c5f6974656d73223b643a313b733a33323a226334636134323338613062393233383230646363353039613666373538343962223b613a363a7b733a323a226964223b733a313a2231223b733a333a22717479223b643a313b733a353a227072696365223b643a31303030303b733a343a226e616d65223b733a31373a224469736e657020536e6f77205768697465223b733a353a22726f776964223b733a33323a226334636134323338613062393233383230646363353039613666373538343962223b733a383a22737562746f74616c223b643a31303030303b7d7d5f5f4143544956455f53455353494f4e5f444154417c733a3235363a2231666165363636323730356461353066663538313930616363336630393438393638383064646633366238363566643333313434653762393062616535383239616362623961313264323464383163336632653530346130326637633935356431306139396562396163616338323964643330663235633039643463356163374751535358567a5a41553149416d44687464512b567071346b774c54744c3271692f47495a6e36453347546b6861426578476f4974592b375837665658577778756e35487959307a31482f494b736e546e375a4f4b426e765250424739305456654b552f66304456466a52302f6c2f524e646b57635a39575763792b44446434223b),
('7v819ln0pnfs0k24bmso6ebjamirvcjr', '::1', 1670164034, 0x5f5f63695f6c6173745f726567656e65726174657c693a313637303136333932393b7265646972656374696f6e7c4e3b656469745f70726f647563745f666c6173687c733a32373a2250726f64756b20626572686173696c206469706572626172756921223b5f5f63695f766172737c613a333a7b733a31383a22656469745f70726f647563745f666c617368223b733a333a226f6c64223b733a32313a226164645f6e65775f70726f647563745f666c617368223b733a333a226f6c64223b733a31313a226c6f67696e5f666c617368223b733a333a226f6c64223b7d6164645f6e65775f70726f647563745f666c6173687c733a33333a2250726f64756b206261727520626572686173696c20646974616d6261686b616e21223b6c6f67696e5f666c6173687c733a34383a22557365722064656e67616e20757365726e616d65203c623e757365723c2f623e20746964616b20746572646166746172223b636172745f636f6e74656e74737c613a333a7b733a31303a22636172745f746f74616c223b643a31303030303b733a31313a22746f74616c5f6974656d73223b643a313b733a33323a226334636134323338613062393233383230646363353039613666373538343962223b613a363a7b733a323a226964223b733a313a2231223b733a333a22717479223b643a313b733a353a227072696365223b643a31303030303b733a343a226e616d65223b733a31373a224469736e657020536e6f77205768697465223b733a353a22726f776964223b733a33323a226334636134323338613062393233383230646363353039613666373538343962223b733a383a22737562746f74616c223b643a31303030303b7d7d5f5f4143544956455f53455353494f4e5f444154417c733a3235363a2231666165363636323730356461353066663538313930616363336630393438393638383064646633366238363566643333313434653762393062616535383239616362623961313264323464383163336632653530346130326637633935356431306139396562396163616338323964643330663235633039643463356163374751535358567a5a41553149416d44687464512b567071346b774c54744c3271692f47495a6e36453347546b6861426578476f4974592b375837665658577778756e35487959307a31482f494b736e546e375a4f4b426e765250424739305456654b552f66304456466a52302f6c2f524e646b57635a39575763792b44446434223b),
('tidcjiat83322m238vva88ig1v9vc1lb', '::1', 1670237129, 0x5f5f63695f6c6173745f726567656e65726174657c693a313637303233373132393b),
('lu5o2v64vi32vha1v3fspa5c3q2pt7lq', '::1', 1670237176, 0x5f5f63695f6c6173745f726567656e65726174657c693a313637303233373137363b),
('284kuq5133g6pfdlhpigu8oqeqss9s8q', '::1', 1670237868, 0x5f5f63695f6c6173745f726567656e65726174657c693a313637303233373836383b),
('qm6nmavg6ed32b6mml0egsrjelpv4p2o', '::1', 1670237521, 0x5f5f63695f6c6173745f726567656e65726174657c693a313637303233373532313b),
('cpgr8q3v1onlsflsh81ls6e479dkvm24', '::1', 1670237848, 0x5f5f63695f6c6173745f726567656e65726174657c693a313637303233373834383b),
('jah6u8rmiogif6bhavn8dj3c6qk29etd', '::1', 1670238374, 0x5f5f63695f6c6173745f726567656e65726174657c693a313637303233383337343b),
('kiijml59gq7sm0op16pv141idmqntj1g', '::1', 1670238685, 0x5f5f63695f6c6173745f726567656e65726174657c693a313637303233383638353b);
INSERT INTO `ci_sessions` (`id`, `ip_address`, `timestamp`, `data`) VALUES
('aq324g3k880bqcin8eg1suri99ljog68', '::1', 1670239275, 0x5f5f63695f6c6173745f726567656e65726174657c693a313637303233393237353b),
('l8m70s50dei5adq56q8ns5cr3c2inspu', '::1', 1670243831, 0x5f5f63695f6c6173745f726567656e65726174657c693a313637303234333833313b),
('qomj6uog9fa8nrjbnoicc0dinmdned0i', '::1', 1670239992, 0x5f5f63695f6c6173745f726567656e65726174657c693a313637303233393939323b),
('fv26lf6748alk4tgh222u89d2codo801', '::1', 1670243202, 0x5f5f63695f6c6173745f726567656e65726174657c693a313637303234333230323b),
('6u35lgng86houb5urpoidjblae4cfe9h', '::1', 1670243583, 0x5f5f63695f6c6173745f726567656e65726174657c693a313637303234333538333b),
('egq19b702rkgbbq26n488ib774uqktao', '::1', 1670243684, 0x5f5f63695f6c6173745f726567656e65726174657c693a313637303234333538333b7265646972656374696f6e7c4e3b5f5f4143544956455f53455353494f4e5f444154417c733a3235363a2234376534313230306437343832663838386463636461633536333839363430326330653337623638323936613765633563356133303664383135303234396564646235666535303536303639383534336563343863396163616562633230396633376139343063306464633334306163323838346533656335376562656430646f4d614f56775075374531795a475148496342376b67585255423534637261706b64424d45535169357033716f356b7747515659414b5672644a46595957705a6d4d6f34744857314d6a79314d7959466a4244355659474e6e434530733878696a79766d4933415a427661757046724144416b77666d4a32315261666b4a4e74223b656469745f70726f647563745f666c6173687c733a32373a2250726f64756b20626572686173696c206469706572626172756921223b5f5f63695f766172737c613a313a7b733a31383a22656469745f70726f647563745f666c617368223b733a333a226f6c64223b7d),
('04mo2pfpb3jo7n7l65g3nnlnuth2iose', '::1', 1670243835, 0x5f5f63695f6c6173745f726567656e65726174657c693a313637303234333833313b);

-- --------------------------------------------------------

--
-- Table structure for table `contacts`
--

CREATE TABLE `contacts` (
  `id` int(10) NOT NULL,
  `parent_id` int(10) DEFAULT NULL,
  `name` varchar(32) NOT NULL,
  `subject` varchar(128) DEFAULT NULL,
  `email` varchar(64) NOT NULL,
  `message` mediumtext NOT NULL,
  `contact_date` datetime DEFAULT NULL,
  `status` tinyint(1) DEFAULT 1,
  `reply_at` datetime DEFAULT NULL
) ENGINE=InnoDB DEFAULT CHARSET=utf8;

-- --------------------------------------------------------

--
-- Table structure for table `coupons`
--

CREATE TABLE `coupons` (
  `id` bigint(20) NOT NULL,
  `name` varchar(191) NOT NULL,
  `code` varchar(32) NOT NULL,
  `credit` decimal(8,2) NOT NULL,
  `start_date` date NOT NULL,
  `expired_date` date NOT NULL,
  `is_active` tinyint(4) DEFAULT 1
) ENGINE=InnoDB DEFAULT CHARSET=utf8;

--
-- Dumping data for table `coupons`
--

INSERT INTO `coupons` (`id`, `name`, `code`, `credit`, `start_date`, `expired_date`, `is_active`) VALUES
(1, 'Hari Natal 2022', 'Christmas2022', '2500.00', '2022-12-24', '2022-12-26', 1),
(2, 'Tahun Baru 2023', 'TahunBaru2023', '3000.00', '2022-12-30', '2023-01-02', 1);

-- --------------------------------------------------------

--
-- Table structure for table `customers`
--

CREATE TABLE `customers` (
  `id` bigint(20) NOT NULL,
  `user_id` bigint(20) UNSIGNED DEFAULT NULL,
  `name` varchar(191) NOT NULL,
  `phone_number` varchar(32) DEFAULT NULL,
  `address` varchar(191) NOT NULL,
  `profile_picture` varchar(191) DEFAULT NULL
) ENGINE=InnoDB DEFAULT CHARSET=utf8;

-- --------------------------------------------------------

--
-- Table structure for table `orders`
--

CREATE TABLE `orders` (
  `id` bigint(20) NOT NULL,
  `user_id` bigint(20) UNSIGNED DEFAULT NULL,
  `coupon_id` bigint(20) DEFAULT NULL,
  `order_number` varchar(16) NOT NULL,
  `order_status` enum('1','2','3','4','5') DEFAULT '1',
  `order_date` datetime NOT NULL,
  `total_price` decimal(8,2) DEFAULT NULL,
  `total_items` int(10) DEFAULT NULL,
  `payment_method` int(11) DEFAULT 1,
  `delivery_data` text DEFAULT NULL,
  `delivered_date` datetime DEFAULT NULL,
  `finish_date` datetime DEFAULT NULL
) ENGINE=InnoDB DEFAULT CHARSET=utf8;

-- --------------------------------------------------------

--
-- Table structure for table `order_items`
--

CREATE TABLE `order_items` (
  `id` bigint(20) NOT NULL,
  `order_id` bigint(20) DEFAULT NULL,
  `product_id` bigint(20) DEFAULT NULL,
  `order_qty` int(10) NOT NULL,
  `order_price` decimal(8,2) DEFAULT NULL
) ENGINE=InnoDB DEFAULT CHARSET=utf8;

-- --------------------------------------------------------

--
-- Table structure for table `payments`
--

CREATE TABLE `payments` (
  `id` bigint(20) NOT NULL,
  `order_id` bigint(20) DEFAULT NULL,
  `payment_price` decimal(8,2) DEFAULT NULL,
  `payment_date` datetime NOT NULL,
  `picture_name` varchar(191) DEFAULT NULL,
  `payment_status` enum('1','2','3') DEFAULT '1',
  `confirmed_date` datetime DEFAULT NULL,
  `payment_data` text DEFAULT NULL
) ENGINE=InnoDB DEFAULT CHARSET=utf8;

-- --------------------------------------------------------

--
-- Table structure for table `products`
--

CREATE TABLE `products` (
  `id` bigint(20) NOT NULL,
  `category_id` int(10) DEFAULT NULL,
  `sku` varchar(32) DEFAULT NULL,
  `name` varchar(191) NOT NULL,
  `description` varchar(191) DEFAULT NULL,
  `picture_name` varchar(191) DEFAULT NULL,
  `price` decimal(8,2) NOT NULL,
  `current_discount` decimal(8,2) DEFAULT 0.00,
  `stock` int(10) NOT NULL,
  `product_unit` varchar(32) DEFAULT NULL,
  `is_available` tinyint(1) DEFAULT 1,
  `add_date` datetime DEFAULT NULL
) ENGINE=InnoDB DEFAULT CHARSET=utf8;

--
-- Dumping data for table `products`
--

INSERT INTO `products` (`id`, `category_id`, `sku`, `name`, `description`, `picture_name`, `price`, `current_discount`, `stock`, `product_unit`, `is_available`, `add_date`) VALUES
(1, 3, 'SB750372', 'Disnep Snow White', NULL, 'Bayi.jpeg', '10000.00', '0.00', 14, 'pcs', 1, '2020-03-26 15:02:52'),
(2, 1, 'BS350420', 'Victoria Bombshell', NULL, 'Bunga.jpeg', '10000.00', '0.00', 34, 'pcs', 1, '2020-03-26 15:03:40'),
(4, 1, 'TS120790', 'Jo Malone English Pear', NULL, 'jzSDFmdSAuKU1ig6FM8E.jpeg', '10000.00', '0.00', 69, 'pcs', 1, '2020-03-26 19:36:30'),
(5, 4, 'WS120811', 'Lancome La Nuit Trsor', NULL, 'If9ZQcgP9ROLD7ybZbkF.jpeg', '10000.00', '0.00', 60, 'pcs', 1, '2020-03-26 19:36:51'),
(8, 3, 'PS220885', 'Johnsons Baby Powder', NULL, 'mpNWabBu6sX0SrgGOohh.jpeg', '10000.00', '0.00', 36, 'pcs', 1, '2020-03-26 19:38:05'),
(9, 4, 'AB450163', 'Zara Ultra Juicy', NULL, 'SpnmW88uIpohCk7aceFh.jpeg', '10000.00', '0.00', 75, 'pcs', 1, '2020-03-26 19:42:43'),
(10, 5, 'BMS120283', 'Baccarat Rouge 540', NULL, 's5XVQknMpzEDAsWUPUKn.jpeg', '10000.00', '0.00', 58, 'pcs', 1, '2020-03-26 19:44:42'),
(11, 2, 'URS13301', 'YSL Black Opium', NULL, 'Kopi.jpeg', '10000.00', '0.00', 34, 'pcs', 1, '2020-03-26 19:45:01'),
(12, 4, 'BPS15347', 'Lancome Miracle', NULL, 'hKCeluHC5PXVSRRUnwTC.jpeg', '10000.00', '0.00', 80, 'pcs', 1, '2020-03-26 19:45:47'),
(13, 4, 'KPS223370', 'Taylor by Taylor Swift', NULL, 'MNYFl0YEFrOGpQ6l9hYf.jpeg', '10000.00', '0.00', 50, 'pcs', 1, '2020-03-26 19:46:10'),
(14, 4, 'CMS410424', 'Anna Sui Fantasia', NULL, 'M9vafdmBYvkxieswcOzY.jpeg', '10000.00', '0.00', 46, 'pcs', 1, '2020-03-26 19:47:04'),
(15, 3, 'PBAB149317', 'Peachy Baby', NULL, 'cl5BvcFr2pfJFaONQOIS.jpeg', '10000.00', '0.00', 49, 'pcs', 1, '2022-12-04 19:01:57');

-- --------------------------------------------------------

--
-- Table structure for table `product_category`
--

CREATE TABLE `product_category` (
  `id` int(10) NOT NULL,
  `name` varchar(191) NOT NULL
) ENGINE=InnoDB DEFAULT CHARSET=utf8;

--
-- Dumping data for table `product_category`
--

INSERT INTO `product_category` (`id`, `name`) VALUES
(1, 'Aroma Bunga'),
(2, 'Aroma Kopi'),
(3, 'Aroma Bayi'),
(4, 'Aroma Buah'),
(5, 'Aroma Kayu');

-- --------------------------------------------------------

--
-- Table structure for table `reviews`
--

CREATE TABLE `reviews` (
  `id` bigint(20) NOT NULL,
  `user_id` bigint(20) UNSIGNED DEFAULT NULL,
  `order_id` bigint(20) DEFAULT NULL,
  `title` varchar(191) DEFAULT NULL,
  `review_text` mediumtext NOT NULL,
  `review_date` datetime NOT NULL,
  `status` tinyint(1) NOT NULL DEFAULT 1
) ENGINE=InnoDB DEFAULT CHARSET=utf8;

-- --------------------------------------------------------

--
-- Table structure for table `settings`
--

CREATE TABLE `settings` (
  `id` int(10) NOT NULL,
  `key` varchar(32) NOT NULL,
  `content` text NOT NULL
) ENGINE=InnoDB DEFAULT CHARSET=utf8;

--
-- Dumping data for table `settings`
--

INSERT INTO `settings` (`id`, `key`, `content`) VALUES
(1, 'current_theme_name', 'vegefoods'),
(2, 'store_name', 'Toko Hyohyo'),
(3, 'store_phone_number', '081286144004'),
(4, 'store_email', 'tetifrida24@gmail.com'),
(5, 'store_tagline', 'Belanja Sayur Segar 24 Jam'),
(6, 'store_logo', 'Logo_Hyohyo.png'),
(7, 'max_product_image_size', '20000'),
(8, 'store_description', 'Belanja sayur dan buah dengan murah, mudah dan cepat'),
(9, 'store_address', 'Griya Asri 2 Blok G10 No.38 Jl.Melati 3 RT 003 RW 025 Desa Sumberjaya, Kec.Tambun Selatan, Kab.Bekasi 17510'),
(10, 'min_shop_to_free_shipping_cost', '20000'),
(11, 'shipping_cost', '3000'),
(12, 'payment_banks', '{\"bank-jago-xx\":{\"bank\":\"BANK JAGO xx\",\"number\":\"123\",\"name\":\"Martin Mulyo Syahidin\"},\"bank-jagoss\":{\"bank\":\"BANK JAGOss\",\"number\":\"xs\",\"name\":\"as\"},\"bank-jagossxx\":{\"bank\":\"BANK JAGOssxx\",\"number\":\"asd\",\"name\":\"Admin Koramil\"}}');

-- --------------------------------------------------------

--
-- Table structure for table `users`
--

CREATE TABLE `users` (
  `id` bigint(20) UNSIGNED NOT NULL,
  `name` varchar(50) DEFAULT NULL,
  `email` varchar(191) NOT NULL,
  `email_verified_at` timestamp NULL DEFAULT NULL,
  `username` varchar(16) NOT NULL,
  `password` varchar(191) NOT NULL,
  `profile_picture` varchar(128) DEFAULT NULL,
  `role` varchar(32) DEFAULT '0' COMMENT '1 = admin, 2 = customer',
  `register_date` datetime DEFAULT NULL
) ENGINE=InnoDB DEFAULT CHARSET=utf8;

--
-- Dumping data for table `users`
--

INSERT INTO `users` (`id`, `name`, `email`, `email_verified_at`, `username`, `password`, `profile_picture`, `role`, `register_date`) VALUES
(1, 'Admin Toko Parfum Hyohyo', 'admin@local.test', NULL, 'admin', '$2a$12$yI2sPDRa3KH2JdZ5KO1jG.JJHxOSD.TUtb963jclGVBM7t5zekM1C', 'Frida.jpg', 'admin', NULL),
(7, 'Customer Toko Sayur', 'customer@local.test', NULL, 'customer', '$2y$10$6C/A5Yy1gt4yhStWDWN1M.isBaznzDc.MZJdIj7UddW3.qIX5vDvK', NULL, 'customer', '2020-03-29 08:14:30');

--
-- Indexes for dumped tables
--

--
-- Indexes for table `ci_sessions`
--
ALTER TABLE `ci_sessions`
  ADD KEY `ci_sessions_timestamp` (`timestamp`);

--
-- Indexes for table `contacts`
--
ALTER TABLE `contacts`
  ADD PRIMARY KEY (`id`),
  ADD KEY `FK_contacts_contacts` (`parent_id`);

--
-- Indexes for table `coupons`
--
ALTER TABLE `coupons`
  ADD PRIMARY KEY (`id`);

--
-- Indexes for table `customers`
--
ALTER TABLE `customers`
  ADD PRIMARY KEY (`id`),
  ADD KEY `FK_customers_users` (`user_id`);

--
-- Indexes for table `orders`
--
ALTER TABLE `orders`
  ADD PRIMARY KEY (`id`),
  ADD KEY `FK_orders_users` (`user_id`),
  ADD KEY `FK_orders_coupons` (`coupon_id`);

--
-- Indexes for table `order_items`
--
ALTER TABLE `order_items`
  ADD PRIMARY KEY (`id`),
  ADD KEY `order_id` (`order_id`),
  ADD KEY `product_id` (`product_id`);

--
-- Indexes for table `payments`
--
ALTER TABLE `payments`
  ADD PRIMARY KEY (`id`),
  ADD KEY `order_id` (`order_id`);

--
-- Indexes for table `products`
--
ALTER TABLE `products`
  ADD PRIMARY KEY (`id`),
  ADD KEY `FK_products_product_category` (`category_id`);

--
-- Indexes for table `product_category`
--
ALTER TABLE `product_category`
  ADD PRIMARY KEY (`id`);

--
-- Indexes for table `reviews`
--
ALTER TABLE `reviews`
  ADD PRIMARY KEY (`id`),
  ADD KEY `FK_reviews_users` (`user_id`),
  ADD KEY `FK_reviews_orders` (`order_id`);

--
-- Indexes for table `settings`
--
ALTER TABLE `settings`
  ADD PRIMARY KEY (`id`) USING BTREE;

--
-- Indexes for table `users`
--
ALTER TABLE `users`
  ADD PRIMARY KEY (`id`) USING BTREE,
  ADD UNIQUE KEY `users_email_unique` (`email`) USING BTREE;

--
-- AUTO_INCREMENT for dumped tables
--

--
-- AUTO_INCREMENT for table `contacts`
--
ALTER TABLE `contacts`
  MODIFY `id` int(10) NOT NULL AUTO_INCREMENT, AUTO_INCREMENT=3;

--
-- AUTO_INCREMENT for table `coupons`
--
ALTER TABLE `coupons`
  MODIFY `id` bigint(20) NOT NULL AUTO_INCREMENT, AUTO_INCREMENT=6;

--
-- AUTO_INCREMENT for table `customers`
--
ALTER TABLE `customers`
  MODIFY `id` bigint(20) NOT NULL AUTO_INCREMENT, AUTO_INCREMENT=8;

--
-- AUTO_INCREMENT for table `orders`
--
ALTER TABLE `orders`
  MODIFY `id` bigint(20) NOT NULL AUTO_INCREMENT, AUTO_INCREMENT=12;

--
-- AUTO_INCREMENT for table `order_items`
--
ALTER TABLE `order_items`
  MODIFY `id` bigint(20) NOT NULL AUTO_INCREMENT, AUTO_INCREMENT=19;

--
-- AUTO_INCREMENT for table `payments`
--
ALTER TABLE `payments`
  MODIFY `id` bigint(20) NOT NULL AUTO_INCREMENT, AUTO_INCREMENT=7;

--
-- AUTO_INCREMENT for table `products`
--
ALTER TABLE `products`
  MODIFY `id` bigint(20) NOT NULL AUTO_INCREMENT, AUTO_INCREMENT=16;

--
-- AUTO_INCREMENT for table `product_category`
--
ALTER TABLE `product_category`
  MODIFY `id` int(10) NOT NULL AUTO_INCREMENT, AUTO_INCREMENT=12;

--
-- AUTO_INCREMENT for table `reviews`
--
ALTER TABLE `reviews`
  MODIFY `id` bigint(20) NOT NULL AUTO_INCREMENT, AUTO_INCREMENT=4;

--
-- AUTO_INCREMENT for table `settings`
--
ALTER TABLE `settings`
  MODIFY `id` int(10) NOT NULL AUTO_INCREMENT, AUTO_INCREMENT=13;

--
-- AUTO_INCREMENT for table `users`
--
ALTER TABLE `users`
  MODIFY `id` bigint(20) UNSIGNED NOT NULL AUTO_INCREMENT, AUTO_INCREMENT=9;

--
-- Constraints for dumped tables
--

--
-- Constraints for table `contacts`
--
ALTER TABLE `contacts`
  ADD CONSTRAINT `FK_contacts_contacts` FOREIGN KEY (`parent_id`) REFERENCES `contacts` (`id`) ON DELETE CASCADE ON UPDATE NO ACTION;

--
-- Constraints for table `customers`
--
ALTER TABLE `customers`
  ADD CONSTRAINT `FK_customers_users` FOREIGN KEY (`user_id`) REFERENCES `users` (`id`) ON DELETE NO ACTION ON UPDATE CASCADE;

--
-- Constraints for table `orders`
--
ALTER TABLE `orders`
  ADD CONSTRAINT `FK_orders_coupons` FOREIGN KEY (`coupon_id`) REFERENCES `coupons` (`id`) ON DELETE SET NULL ON UPDATE CASCADE,
  ADD CONSTRAINT `FK_orders_users` FOREIGN KEY (`user_id`) REFERENCES `users` (`id`) ON DELETE NO ACTION ON UPDATE CASCADE;

--
-- Constraints for table `order_items`
--
ALTER TABLE `order_items`
  ADD CONSTRAINT `order_items_ibfk_1` FOREIGN KEY (`order_id`) REFERENCES `orders` (`id`) ON DELETE CASCADE ON UPDATE NO ACTION,
  ADD CONSTRAINT `order_items_ibfk_2` FOREIGN KEY (`product_id`) REFERENCES `products` (`id`) ON DELETE CASCADE ON UPDATE NO ACTION;
COMMIT;

/*!40101 SET CHARACTER_SET_CLIENT=@OLD_CHARACTER_SET_CLIENT */;
/*!40101 SET CHARACTER_SET_RESULTS=@OLD_CHARACTER_SET_RESULTS */;
/*!40101 SET COLLATION_CONNECTION=@OLD_COLLATION_CONNECTION */;
